Date,Price,Open,High,Low,Volume(M)
2-Jan-15,9.12,9.17,9.17,9.05,10.22
5-Jan-15,9,9.14,9.17,8.98,14.35
6-Jan-15,8.8,8.9,9,8.64,20.49
7-Jan-15,8.61,8.69,8.7,8.58,25.79
8-Jan-15,8.7,8.64,8.76,8.64,13.59
9-Jan-15,8.61,8.62,8.63,8.49,22.07
12-Jan-15,8.58,8.6,8.62,8.47,10.25
13-Jan-15,8.62,8.58,8.66,8.56,7.42
14-Jan-15,8.39,8.62,8.62,8.38,24.95
15-Jan-15,8.6,8.4,8.62,8.4,17.1
16-Jan-15,8.6,8.53,8.67,8.46,12.52
19-Jan-15,8.79,8.62,8.8,8.62,13.47
20-Jan-15,8.92,8.78,8.92,8.71,10.42
21-Jan-15,8.87,8.92,8.95,8.84,12.51
22-Jan-15,8.87,8.87,9,8.8,10.18
23-Jan-15,9,8.94,9,8.9,13.46
26-Jan-15,8.92,8.98,9,8.89,7.25
27-Jan-15,8.92,8.91,9,8.89,7.46
28-Jan-15,8.69,8.85,8.9,8.6,18.13
29-Jan-15,8.66,8.67,8.73,8.61,10.28
30-Jan-15,8.72,8.7,8.8,8.64,12.17
4-Feb-15,8.83,8.8,9,8.77,14.37
5-Feb-15,8.92,8.81,8.94,8.79,12
6-Feb-15,8.93,8.93,8.97,8.89,10.16
9-Feb-15,9,8.97,9.01,8.9,6.73
10-Feb-15,9.1,9.01,9.11,8.98,8.84
11-Feb-15,9.1,9.01,9.12,9.01,8.63
12-Feb-15,9.07,9.1,9.1,8.97,10.68
13-Feb-15,9.19,9.1,9.2,9.07,6.24
16-Feb-15,9.2,9.16,9.2,9.15,3.74
17-Feb-15,9.2,9.24,9.24,9.16,2.38
18-Feb-15,9.22,9.2,9.3,9.2,4.42
23-Feb-15,9.03,9.18,9.18,8.95,13.74
24-Feb-15,9.05,9.08,9.1,9.03,8.53
25-Feb-15,9.02,9.06,9.06,9,5.93
26-Feb-15,9.16,9,9.18,9,9.22
27-Feb-15,9.2,9.17,9.25,9.13,13.17
2-Mar-15,9.2,9.2,9.21,9.15,7.38
3-Mar-15,9.35,9.23,9.35,9.21,13.21
4-Mar-15,9.28,9.31,9.32,9.24,11.33
5-Mar-15,9.21,9.32,9.33,9.17,15.09
6-Mar-15,9.21,9.21,9.23,9.19,11.87
9-Mar-15,9.2,9.15,9.21,9.1,5.59
10-Mar-15,9.23,9.16,9.24,9.15,7.7
11-Mar-15,9.09,9.19,9.2,9.09,11.8
12-Mar-15,9.12,9.11,9.19,9.08,8.29
13-Mar-15,9.1,9.14,9.14,9.08,6.99
16-Mar-15,9.09,9.09,9.13,9.08,6.71
17-Mar-15,9.16,9.08,9.17,9.08,7.93
18-Mar-15,9.16,9.14,9.19,9.12,5.91
19-Mar-15,9.23,9.2,9.29,9.19,6.83
20-Mar-15,9.15,9.18,9.22,9.13,9.11
23-Mar-15,9.12,9.13,9.23,9.09,8.27
24-Mar-15,9.15,9.13,9.18,9.12,5.47
25-Mar-15,9.21,9.15,9.25,9.15,12.68
26-Mar-15,9.22,9.19,9.23,9.19,4.85
27-Mar-15,9.21,9.19,9.22,9.19,6.86
30-Mar-15,9.27,9.25,9.29,9.22,5.76
31-Mar-15,9.33,9.3,9.36,9.29,11.34
1-Apr-15,9.34,9.36,9.38,9.31,6.87
2-Apr-15,9.4,9.38,9.4,9.34,14.58
3-Apr-15,9.45,9.4,9.45,9.37,4.73
6-Apr-15,9.5,9.46,9.54,9.46,7.86
7-Apr-15,9.55,9.51,9.6,9.51,11.63
8-Apr-15,9.55,9.55,9.55,9.51,4.58
9-Apr-15,9.49,9.51,9.54,9.47,6.51
10-Apr-15,9.37,9.42,9.45,9.35,10.96
13-Apr-15,9.45,9.38,9.49,9.38,12.88
14-Apr-15,9.38,9.44,9.49,9.37,11.55
15-Apr-15,9.34,9.44,9.45,9.34,12.68
16-Apr-15,9.45,9.35,9.47,9.34,15.06
17-Apr-15,9.49,9.44,9.51,9.43,10.17
20-Apr-15,9.48,9.49,9.51,9.45,9.65
21-Apr-15,9.5,9.5,9.53,9.48,9.64
22-Apr-15,9.49,9.51,9.52,9.48,7.66
23-Apr-15,9.25,9.21,9.3,9.16,6.44
24-Apr-15,9.42,9.3,9.45,9.24,16.05
27-Apr-15,9.36,9.41,9.44,9.34,9.73
28-Apr-15,9.34,9.36,9.36,9.3,7.67
29-Apr-15,9.3,9.35,9.37,9.29,7.44
30-Apr-15,9.21,9.3,9.34,9.21,12.11
5-May-15,9.25,9.33,9.33,9.19,9.6
6-May-15,9.21,9.21,9.23,9.12,12.1
7-May-15,9.15,9.18,9.27,9.14,11.83
8-May-15,9.29,9.17,9.3,9.17,11.48
11-May-15,9.32,9.25,9.37,9.25,8.5
12-May-15,9.28,9.24,9.32,9.24,5.79
13-May-15,9.26,9.28,9.32,9.24,9.39
14-May-15,9.28,9.3,9.3,9.25,5.12
15-May-15,9.32,9.3,9.32,9.25,4.46
18-May-15,9.36,9.3,9.38,9.3,6.19
19-May-15,9.34,9.33,9.37,9.31,4.53
20-May-15,9.37,9.3,9.42,9.3,8.15
21-May-15,9.25,9.35,9.35,9.22,12.3
22-May-15,9.26,9.25,9.29,9.23,6.59
25-May-15,9.17,9.29,9.29,9.14,5.11
26-May-15,9.15,9.17,9.17,9.06,8.35
27-May-15,9.14,9.1,9.17,9.01,12.63
28-May-15,9.11,9.16,9.18,9.04,6.15
29-May-15,9.03,9.08,9.15,9.03,12.54
1-Jun-15,9.11,9,9.18,8.97,9.13
2-Jun-15,9.14,9.19,9.2,9.11,11.77
3-Jun-15,9.16,9.14,9.17,9.08,8.88
4-Jun-15,9.19,9.11,9.2,9.11,5.18
5-Jun-15,9.21,9.2,9.21,9.16,2.86
8-Jun-15,9.23,9.2,9.24,9.17,4.3
9-Jun-15,9.22,9.23,9.23,9.12,3.81
10-Jun-15,9.16,9.2,9.21,9.14,6.77
11-Jun-15,9.14,9.21,9.21,9.11,7.77
12-Jun-15,9.14,9.19,9.19,9.12,5.01
15-Jun-15,9.17,9.14,9.2,9.12,5.17
16-Jun-15,9.15,9.12,9.19,9.12,5.64
17-Jun-15,9.2,9.15,9.2,9.14,7.3
18-Jun-15,9.24,9.2,9.29,9.19,11.8
19-Jun-15,9.3,9.28,9.39,9.26,24.78
22-Jun-15,9.34,9.3,9.38,9.28,7.08
23-Jun-15,9.28,9.35,9.37,9.28,6.16
24-Jun-15,9.29,9.3,9.32,9.25,7.35
25-Jun-15,9.32,9.28,9.38,9.26,14.6
26-Jun-15,9.22,9.28,9.29,9.22,3.77
29-Jun-15,9.14,9.2,9.21,9.11,5.92
30-Jun-15,9.14,9.15,9.2,9.13,11.3
1-Jul-15,9.17,9.16,9.3,9.16,11.68
2-Jul-15,9.29,9.2,9.31,9.19,12.71
3-Jul-15,9.28,9.28,9.28,9.23,2.68
6-Jul-15,9.19,9.25,9.25,9.14,3.45
7-Jul-15,9.15,9.18,9.25,9.14,7.46
8-Jul-15,9.12,9.13,9.14,9.06,10.02
9-Jul-15,9.16,9.1,9.16,9.08,10.04
10-Jul-15,9.2,9.11,9.21,9.11,4.55
13-Jul-15,9.19,9.16,9.2,9.12,5.08
14-Jul-15,9.2,9.2,9.25,9.15,7.54
15-Jul-15,9.2,9.2,9.25,9.16,13.37
16-Jul-15,9.2,9.2,9.27,9.18,3.89
20-Jul-15,9.2,9.2,9.25,9.18,6.58
21-Jul-15,9.21,9.2,9.22,9.18,8.68
22-Jul-15,9.2,9.2,9.21,9.17,4.24
23-Jul-15,9.19,9.18,9.23,9.18,6.23
24-Jul-15,9.23,9.19,9.24,9.18,2.35
27-Jul-15,9.16,9.2,9.23,9.16,6.33
28-Jul-15,9.08,9.16,9.16,9.08,10
29-Jul-15,9.06,9.07,9.09,9.02,7.91
30-Jul-15,8.99,9.03,9.06,8.99,10.18
31-Jul-15,9.2,9.03,9.21,9.02,10.75
3-Aug-15,9.18,9.18,9.2,9.12,6.04
4-Aug-15,9.17,9.18,9.21,9.17,6.98
5-Aug-15,9.19,9.2,9.21,9.16,4.31
6-Aug-15,9.07,9.17,9.19,9.07,6.29
7-Aug-15,8.96,9.07,9.11,8.96,9.58
10-Aug-15,8.8,8.87,8.95,8.66,16.14
11-Aug-15,8.52,8.82,8.86,8.44,24.35
12-Aug-15,8.41,8.48,8.54,8.25,17.91
13-Aug-15,8.6,8.43,8.62,8.4,10.84
14-Aug-15,8.29,8.6,8.73,8.27,30.48
17-Aug-15,8.19,8.29,8.39,8.18,18.14
18-Aug-15,8.43,8.19,8.47,8.18,20.21
19-Aug-15,8.46,8.44,8.54,8.35,8.85
20-Aug-15,8.6,8.44,8.6,8.35,9.04
21-Aug-15,8.59,8.29,8.62,8.2,16.31
24-Aug-15,8.32,8.39,8.43,8.28,19.81
25-Aug-15,8.31,8.27,8.35,8.22,23.73
26-Aug-15,8.5,8.28,8.52,8.25,22.55
27-Aug-15,8.65,8.61,8.65,8.52,14.73
28-Aug-15,8.76,8.69,8.8,8.69,16.05
1-Sep-15,8.77,9.02,9.15,8.69,20.01
2-Sep-15,8.42,8.69,8.69,8.35,33.73
3-Sep-15,8.47,8.48,8.5,8.41,9.51
4-Sep-15,8.37,8.45,8.48,8.34,11.13
7-Sep-15,8.38,8.3,8.39,8.22,12.94
8-Sep-15,8.58,8.39,8.64,8.32,8.02
9-Sep-15,8.62,8.59,8.65,8.52,12.79
10-Sep-15,8.55,8.54,8.57,8.46,16.99
11-Sep-15,8.41,8.48,8.59,8.4,12.13
14-Sep-15,8.51,8.45,8.55,8.41,22.63
15-Sep-15,8.57,8.55,8.72,8.55,18.42
17-Sep-15,8.64,8.65,8.72,8.56,28.44
18-Sep-15,8.7,8.66,8.71,8.63,12.54
21-Sep-15,8.41,8.65,8.65,8.4,19.82
22-Sep-15,8.52,8.46,8.52,8.4,10.31
23-Sep-15,8.41,8.44,8.44,8.35,20.22
25-Sep-15,8.41,8.4,8.41,8.34,12.44
28-Sep-15,8.4,8.41,8.41,8.35,10.09
29-Sep-15,8.39,8.35,8.4,8.3,14.09
30-Sep-15,8.56,8.41,8.58,8.35,15.76
1-Oct-15,8.55,8.51,8.61,8.47,7.9
2-Oct-15,8.45,8.53,8.55,8.42,9.88
5-Oct-15,8.6,8.5,8.6,8.46,9.83
6-Oct-15,8.69,8.63,8.69,8.58,11.1
7-Oct-15,8.71,8.69,8.73,8.62,19.91
8-Oct-15,8.52,8.48,8.53,8.43,14.57
9-Oct-15,8.6,8.52,8.62,8.51,16.7
12-Oct-15,8.51,8.56,8.57,8.45,15.1
13-Oct-15,8.62,8.52,8.63,8.51,15.46
15-Oct-15,8.61,8.52,8.67,8.52,13.89
16-Oct-15,8.62,8.63,8.64,8.6,7
19-Oct-15,8.64,8.6,8.67,8.56,8.79
20-Oct-15,8.61,8.57,8.64,8.56,8.69
21-Oct-15,8.62,8.6,8.65,8.52,6.36
22-Oct-15,8.59,8.6,8.65,8.57,7.83
23-Oct-15,8.59,8.63,8.64,8.58,6.47
26-Oct-15,8.57,8.57,8.6,8.49,6.32
27-Oct-15,8.55,8.55,8.6,8.51,8.67
28-Oct-15,8.47,8.55,8.56,8.47,8.79
29-Oct-15,8.31,8.47,8.5,8.3,17.09
30-Oct-15,8.26,8.33,8.39,8.26,17.88
2-Nov-15,8.27,8.27,8.34,8.25,10.4
3-Nov-15,8.31,8.29,8.33,8.26,11
4-Nov-15,8.35,8.32,8.36,8.31,10.4
5-Nov-15,8.38,8.34,8.38,8.3,6.51
6-Nov-15,8.35,8.37,8.4,8.33,5.99
9-Nov-15,8.39,8.35,8.39,8.32,5.32
11-Nov-15,8.22,8.33,8.36,8.22,12.93
12-Nov-15,8.36,8.22,8.37,8.22,6.7
13-Nov-15,8.3,8.38,8.38,8.26,6.76
16-Nov-15,8.3,8.26,8.32,8.26,9.56
17-Nov-15,8.24,8.33,8.42,8.24,11.88
18-Nov-15,8.18,8.25,8.28,8.18,7.32
19-Nov-15,8.24,8.25,8.25,8.18,5.44
20-Nov-15,8.32,8.24,8.32,8.23,3.61
23-Nov-15,8.4,8.33,8.42,8.3,6.67
24-Nov-15,8.34,8.4,8.42,8.34,5.41
25-Nov-15,8.41,8.33,8.41,8.33,10.3
26-Nov-15,8.48,8.36,8.48,8.36,8.75
27-Nov-15,8.44,8.46,8.48,8.4,4.85
30-Nov-15,8.32,8.36,8.45,8.32,21.51
1-Dec-15,8.45,8.35,8.45,8.32,13.66
2-Dec-15,8.41,8.45,8.51,8.39,4.51
3-Dec-15,8.36,8.38,8.42,8.33,10.15
4-Dec-15,8.37,8.37,8.4,8.36,5.29
7-Dec-15,8.41,8.41,8.44,8.35,4.5
8-Dec-15,8.41,8.41,8.45,8.37,4.33
9-Dec-15,8.4,8.4,8.42,8.39,4.21
10-Dec-15,8.41,8.38,8.42,8.33,9.76
11-Dec-15,8.33,8.36,8.4,8.33,6.59
14-Dec-15,8.25,8.3,8.31,8.25,7.95
15-Dec-15,8.18,8.25,8.29,8.18,10.69
16-Dec-15,8.31,8.22,8.32,8.22,10.25
17-Dec-15,8.41,8.3,8.41,8.3,7.1
18-Dec-15,8.28,8.37,8.4,8.28,7.86
21-Dec-15,8.21,8.29,8.33,8.2,7.37
22-Dec-15,8.25,8.22,8.27,8.21,5.41
23-Dec-15,8.3,8.28,8.32,8.24,5.24
28-Dec-15,8.39,8.31,8.41,8.28,6.62
29-Dec-15,8.44,8.4,8.45,8.39,9.23
30-Dec-15,8.45,8.44,8.49,8.43,7.48
31-Dec-15,8.4,8.44,8.49,8.37,4.02
4-Jan-16,8.2,8.39,8.4,8.19,11.27
5-Jan-16,8.33,8.2,8.36,8.2,7.54
6-Jan-16,8.33,8.33,8.35,8.31,6.94
7-Jan-16,8.3,8.26,8.37,8.26,10.52
8-Jan-16,8.34,8.29,8.4,8.27,9.03
11-Jan-16,8.32,8.34,8.35,8.28,7.89
12-Jan-16,8.32,8.32,8.36,8.32,7.34
13-Jan-16,8.34,8.35,8.4,8.31,5.33
14-Jan-16,8.35,8.32,8.35,8.3,11.43
15-Jan-16,8.32,8.33,8.35,8.32,7.75
18-Jan-16,8.29,8.31,8.32,8.19,7.61
19-Jan-16,8.33,8.29,8.35,8.22,3.16
20-Jan-16,8.28,8.3,8.33,8.22,9.38
21-Jan-16,8.18,8.24,8.31,8.18,8.03
22-Jan-16,8.31,8.22,8.32,8.22,6.77
26-Jan-16,8.29,8.34,8.35,8.29,8.85
27-Jan-16,8.34,8.29,8.35,8.29,7.37
28-Jan-16,8.41,8.34,8.42,8.31,10.29
29-Jan-16,8.58,8.42,8.6,8.41,28.53
2-Feb-16,8.54,8.54,8.56,8.45,17.34
3-Feb-16,8.44,8.45,8.48,8.36,7.8
4-Feb-16,8.57,8.44,8.58,8.44,12.89
5-Feb-16,8.54,8.58,8.59,8.51,5.85
10-Feb-16,8.59,8.48,8.6,8.46,6.92
11-Feb-16,8.54,8.58,8.59,8.49,7.09
12-Feb-16,8.51,8.45,8.54,8.45,7.09
15-Feb-16,8.55,8.51,8.59,8.51,5.75
16-Feb-16,8.55,8.55,8.57,8.51,8.73
17-Feb-16,8.56,8.57,8.6,8.55,8.09
18-Feb-16,8.64,8.56,8.72,8.56,8.01
19-Feb-16,8.63,8.64,8.67,8.58,5.83
22-Feb-16,8.63,8.65,8.65,8.6,8.65
23-Feb-16,8.64,8.63,8.68,8.6,7.5
24-Feb-16,8.63,8.63,8.66,8.6,8.24
25-Feb-16,8.64,8.65,8.69,8.6,12.98
26-Feb-16,8.53,8.65,8.7,8.43,20.86
29-Feb-16,8.51,8.58,8.64,8.51,22.96
1-Mar-16,8.64,8.52,8.64,8.52,10.29
2-Mar-16,8.75,8.69,8.75,8.67,17.46
3-Mar-16,8.74,8.7,8.79,8.7,13.31
4-Mar-16,8.75,8.74,8.78,8.72,8.16
7-Mar-16,8.83,8.79,8.94,8.74,15.97
8-Mar-16,8.78,8.86,8.88,8.77,12.34
9-Mar-16,8.7,8.77,8.77,8.64,8.77
10-Mar-16,8.78,8.7,8.84,8.69,11.6
11-Mar-16,8.81,8.8,8.81,8.77,6.55
14-Mar-16,8.8,8.82,8.9,8.78,7.61
15-Mar-16,8.73,8.78,8.78,8.72,7.41
16-Mar-16,8.82,8.71,8.83,8.71,5.58
17-Mar-16,8.88,8.83,8.94,8.79,11.75
18-Mar-16,8.91,8.95,8.96,8.91,18.67
21-Mar-16,8.95,8.88,8.96,8.88,7.34
22-Mar-16,8.95,8.92,8.97,8.92,13.11
23-Mar-16,8.95,8.95,8.97,8.92,11.82
24-Mar-16,8.95,8.99,9,8.93,12.25
25-Mar-16,8.89,8.95,8.95,8.88,3.1
28-Mar-16,8.9,8.89,8.9,8.84,4.77
29-Mar-16,8.95,8.87,8.98,8.86,6.7
30-Mar-16,8.97,8.95,8.99,8.95,13.94
31-Mar-16,9.02,8.93,9.02,8.93,14
1-Apr-16,8.99,9.02,9.02,8.98,8.94
4-Apr-16,9.13,8.99,9.13,8.99,11.02
5-Apr-16,9,9.1,9.13,8.96,10.77
6-Apr-16,9.01,9.03,9.07,8.99,7.15
7-Apr-16,9.12,9.12,9.15,9.09,17.23
8-Apr-16,9.13,9.05,9.14,9.05,13.17
11-Apr-16,9.12,9.13,9.13,9.07,6.57
12-Apr-16,9.14,9.1,9.14,9.09,5.55
13-Apr-16,9.15,9.15,9.2,9.13,13.44
14-Apr-16,9.15,9.15,9.16,9.12,13.25
15-Apr-16,9.17,9.16,9.18,9.11,6.81
18-Apr-16,9.16,9.13,9.16,9.1,10.97
19-Apr-16,9.08,9.15,9.16,9.04,13.16
20-Apr-16,9.03,9.09,9.1,9,9.29
21-Apr-16,9.01,9.05,9.07,8.99,9.26
22-Apr-16,9.05,9.02,9.05,9,7.29
25-Apr-16,9.01,9.05,9.05,8.99,7.22
26-Apr-16,8.97,8.99,9.04,8.97,10.4
27-Apr-16,8.95,8.97,8.99,8.93,6.31
28-Apr-16,8.9,8.96,8.98,8.88,10.03
29-Apr-16,8.93,8.9,8.94,8.84,7.07
3-May-16,8.78,8.94,9.01,8.76,7.72
4-May-16,8.54,8.51,8.61,8.51,13.67
5-May-16,8.53,8.54,8.54,8.48,9.66
6-May-16,8.67,8.55,8.71,8.5,7.71
9-May-16,8.76,8.67,8.8,8.64,5.72
10-May-16,8.8,8.78,8.82,8.6,5.95
11-May-16,8.85,8.82,8.85,8.78,4.46
12-May-16,8.82,8.84,8.84,8.8,3.49
13-May-16,8.49,8.75,8.81,8.35,49.35
16-May-16,8.45,8.48,8.51,8.42,13.94
17-May-16,8.53,8.45,8.55,8.45,7.54
18-May-16,8.66,8.5,8.67,8.41,12.62
19-May-16,8.48,8.59,8.63,8.44,23.75
20-May-16,8.44,8.5,8.53,8.44,9.17
23-May-16,8.47,8.44,8.5,8.41,7.39
24-May-16,8.31,8.43,8.47,8.31,21.19
25-May-16,8.3,8.33,8.34,8.24,21.78
26-May-16,8.37,8.3,8.4,8.28,11.48
27-May-16,8.27,8.37,8.4,8.18,19.63
30-May-16,8.23,8.28,8.29,8.2,16.61
31-May-16,8.16,8.23,8.31,8.16,167.13
1-Jun-16,8.23,8.17,8.25,8.15,21.24
2-Jun-16,8.27,8.2,8.3,8.18,14
3-Jun-16,8.27,8.25,8.32,8.22,11.02
6-Jun-16,8.42,8.27,8.45,8.27,7.77
7-Jun-16,8.39,8.42,8.49,8.35,14.88
8-Jun-16,8.27,8.38,8.4,8.25,11.64
9-Jun-16,8.25,8.28,8.31,8.22,8.23
10-Jun-16,8.2,8.24,8.27,8.2,4.15
13-Jun-16,8.16,8.18,8.2,8.15,9.21
14-Jun-16,8,8.15,8.17,8,27.71
15-Jun-16,8.13,8,8.13,7.98,13.11
16-Jun-16,8.03,8.09,8.14,8.02,9.31
17-Jun-16,8.09,8.05,8.11,8.04,7.93
20-Jun-16,8.2,8.13,8.2,8.09,15.55
21-Jun-16,8.22,8.2,8.23,8.11,15.78
23-Jun-16,8.2,8.23,8.24,8.15,10.45
24-Jun-16,8.2,8.19,8.22,8,14.18
27-Jun-16,8.18,8.11,8.2,8.09,10.2
28-Jun-16,8.19,8.15,8.19,8.14,6.94
29-Jun-16,8.12,8.19,8.2,8.12,4.87
30-Jun-16,8.14,8.15,8.21,8.14,9.89
1-Jul-16,8.2,8.16,8.2,8.15,4.19
4-Jul-16,8.23,8.18,8.23,8.18,6.44
5-Jul-16,8.2,8.23,8.23,8.18,2.1
8-Jul-16,8.2,8.24,8.27,8.16,4.4
11-Jul-16,8.19,8.2,8.2,8.17,6.44
12-Jul-16,8.2,8.19,8.2,8.17,6.26
13-Jul-16,8.12,8.21,8.22,8.1,11.17
14-Jul-16,8.02,8.1,8.11,8.02,14.25
15-Jul-16,8.17,8.05,8.18,8.05,5.79
18-Jul-16,8.17,8.19,8.19,8.11,4.2
19-Jul-16,8.16,8.13,8.19,8.11,4.64
20-Jul-16,8.12,8.16,8.16,8.11,2.95
21-Jul-16,8.02,8.12,8.13,8.01,8.71
22-Jul-16,8.03,8.02,8.06,8.01,4.45
25-Jul-16,8.1,8.04,8.1,8.03,6.76
26-Jul-16,8.09,8.08,8.1,8.06,2.42
27-Jul-16,8.03,8.09,8.1,8.02,8.16
28-Jul-16,8.04,8.03,8.07,8.02,4.56
29-Jul-16,8.02,8.05,8.08,8.02,10.07
1-Aug-16,8.03,8.05,8.06,8.02,8.16
2-Aug-16,7.98,8.03,8.04,7.98,9.89
3-Aug-16,7.86,7.99,8.01,7.86,17.33
4-Aug-16,7.93,7.88,7.95,7.88,6.28
5-Aug-16,8,7.94,8.01,7.93,7.56
8-Aug-16,7.98,8.02,8.04,7.95,6.6
9-Aug-16,8,8,8,7.98,3.89
10-Aug-16,7.95,8,8,7.95,3.77
11-Aug-16,8,7.97,8,7.96,6.15
12-Aug-16,8.01,8.03,8.07,7.98,5.97
15-Aug-16,7.97,8.01,8.04,7.97,6.32
16-Aug-16,8.05,8,8.05,7.99,9.81
17-Aug-16,8.01,8.04,8.05,8,7.8
18-Aug-16,8,8.03,8.03,7.99,5.73
19-Aug-16,8,8.01,8.01,7.98,3.32
22-Aug-16,7.99,8,8,7.97,3.63
23-Aug-16,8,7.99,8,7.98,3.56
24-Aug-16,7.99,8,8,7.98,5.28
25-Aug-16,7.9,8.01,8.01,7.9,8.42
26-Aug-16,8,7.91,8,7.91,5.8
29-Aug-16,7.9,7.99,8.01,7.9,6.64
30-Aug-16,7.82,7.91,7.96,7.82,11.32
1-Sep-16,7.75,7.82,7.85,7.75,12.51
2-Sep-16,7.75,7.77,7.84,7.75,4.1
5-Sep-16,7.89,7.79,7.89,7.78,4.82
6-Sep-16,7.87,7.89,7.9,7.85,5.31
7-Sep-16,7.9,7.87,7.92,7.86,3.43
8-Sep-16,7.95,7.91,7.95,7.87,2.71
9-Sep-16,7.95,7.95,7.96,7.9,3.71
13-Sep-16,7.94,7.95,7.98,7.91,5.66
14-Sep-16,7.89,7.94,7.94,7.83,8.91
15-Sep-16,7.84,7.9,7.92,7.83,10.3
19-Sep-16,7.83,7.89,7.92,7.83,7.39
20-Sep-16,7.8,7.81,7.86,7.78,10.82
21-Sep-16,7.76,7.81,7.82,7.75,8.62
22-Sep-16,7.8,7.79,7.82,7.76,17
23-Sep-16,7.67,7.63,7.69,7.57,8.06
26-Sep-16,7.69,7.67,7.69,7.64,2.22
27-Sep-16,7.59,7.68,7.68,7.59,8.17
28-Sep-16,7.52,7.6,7.63,7.52,8.98
29-Sep-16,7.62,7.53,7.63,7.52,10.09
30-Sep-16,7.5,7.61,7.64,7.5,8.99
4-Oct-16,7.58,7.53,7.61,7.53,6.52
5-Oct-16,7.65,7.55,7.66,7.52,5.42
6-Oct-16,7.7,7.66,7.7,7.65,4.63
7-Oct-16,7.63,7.7,7.75,7.63,4.48
10-Oct-16,7.7,7.64,7.71,7.6,5.68
11-Oct-16,7.7,7.68,7.75,7.66,4.77
12-Oct-16,7.66,7.68,7.69,7.64,2.56
13-Oct-16,7.63,7.66,7.7,7.6,4.89
14-Oct-16,7.61,7.64,7.66,7.61,3.37
17-Oct-16,7.6,7.64,7.65,7.59,4.31
18-Oct-16,7.71,7.63,7.71,7.59,5.67
19-Oct-16,7.7,7.7,7.72,7.67,3.73
20-Oct-16,7.6,7.69,7.71,7.6,3.9
21-Oct-16,7.69,7.61,7.69,7.59,6.85
24-Oct-16,7.73,7.69,7.75,7.69,6.54
25-Oct-16,7.9,7.75,7.91,7.73,11.79
26-Oct-16,7.92,7.9,7.94,7.9,7.78
27-Oct-16,7.79,7.93,7.93,7.79,6.23
28-Oct-16,7.83,7.8,7.86,7.8,4.93
31-Oct-16,7.9,7.86,7.91,7.81,9.14
1-Nov-16,7.86,7.89,7.9,7.85,1.7
2-Nov-16,7.81,7.86,7.86,7.81,2.74
3-Nov-16,7.78,7.81,7.84,7.78,5.5
4-Nov-16,7.67,7.76,7.79,7.67,8.54
7-Nov-16,7.83,7.69,7.83,7.68,5.8
8-Nov-16,7.95,7.84,7.95,7.81,16.51
9-Nov-16,7.87,7.96,7.96,7.79,7.64
10-Nov-16,7.96,7.9,8.01,7.89,14.72
11-Nov-16,7.8,7.93,7.93,7.79,12.21
14-Nov-16,7.67,7.8,7.8,7.67,8.12
15-Nov-16,7.78,7.69,7.84,7.65,3.9
16-Nov-16,7.66,7.8,7.82,7.66,6.06
17-Nov-16,7.75,7.66,7.75,7.66,2.94
18-Nov-16,7.68,7.7,7.74,7.67,6.69
21-Nov-16,7.78,7.69,7.78,7.69,1.9
22-Nov-16,7.69,7.78,7.79,7.69,4.54
23-Nov-16,7.68,7.72,7.72,7.63,7.12
24-Nov-16,7.7,7.7,7.74,7.65,5.85
25-Nov-16,7.8,7.71,7.81,7.7,7.8
28-Nov-16,7.75,7.77,7.81,7.73,4.5
29-Nov-16,7.89,7.75,7.89,7.74,9.35
30-Nov-16,7.77,7.89,7.9,7.77,13.02
1-Dec-16,7.79,7.8,7.88,7.77,3.84
2-Dec-16,7.85,7.83,7.86,7.8,2.15
5-Dec-16,7.84,7.85,7.89,7.84,2.82
6-Dec-16,7.88,7.82,7.9,7.81,5.15
7-Dec-16,7.89,7.88,7.9,7.84,3.71
8-Dec-16,7.9,7.9,7.91,7.87,5.63
9-Dec-16,7.91,7.9,7.93,7.88,4.46
13-Dec-16,7.94,7.95,7.95,7.9,7.73
14-Dec-16,7.95,7.94,7.95,7.9,7.86
15-Dec-16,7.92,7.88,7.95,7.81,7.04
16-Dec-16,7.94,7.9,7.95,7.9,7.59
19-Dec-16,7.92,7.91,7.94,7.91,4.15
20-Dec-16,7.91,7.93,7.93,7.9,6.39
21-Dec-16,7.87,7.94,7.94,7.87,8.05
22-Dec-16,7.76,7.87,7.88,7.76,7.56
23-Dec-16,7.74,7.77,7.79,7.68,6.26
27-Dec-16,7.75,7.74,7.8,7.74,3.43
28-Dec-16,7.95,7.79,7.95,7.75,7.26
29-Dec-16,7.98,7.93,7.98,7.88,7.81
30-Dec-16,8.2,7.97,8.2,7.88,24.83
3-Jan-17,8.01,8.02,8.04,7.97,4.94
4-Jan-17,8.08,8.01,8.09,8.01,5.68
5-Jan-17,8.19,8.08,8.2,8.08,11.95
6-Jan-17,8.25,8.18,8.25,8.17,11.38
9-Jan-17,8.26,8.26,8.28,8.24,7.14
10-Jan-17,8.28,8.25,8.28,8.17,5
11-Jan-17,8.3,8.28,8.3,8.28,6.43
12-Jan-17,8.31,8.3,8.33,8.21,11.99
13-Jan-17,8.32,8.31,8.35,8.3,10.3
16-Jan-17,8.05,8.32,8.32,8.05,12
17-Jan-17,8.17,8.07,8.2,8.07,8.14
18-Jan-17,8.21,8.19,8.22,8.18,7.94
19-Jan-17,8.25,8.21,8.25,8.13,7.82
20-Jan-17,8.27,8.2,8.28,8.2,5.9
23-Jan-17,8.28,8.29,8.29,8.25,7.68
24-Jan-17,8.32,8.28,8.32,8.28,11.62
25-Jan-17,8.33,8.33,8.35,8.31,9.1
26-Jan-17,8.32,8.34,8.35,8.31,5.55
27-Jan-17,8.25,8.32,8.33,8.18,9.8
31-Jan-17,8.22,8.25,8.32,8.22,10.32
2-Feb-17,8.13,8.12,8.21,8.12,13.41
3-Feb-17,8.2,8.14,8.21,8.14,9.52
6-Feb-17,8.22,8.23,8.24,8.19,8.17
7-Feb-17,8.17,8.2,8.22,8.17,4.26
8-Feb-17,8.2,8.19,8.22,8.18,10.75
10-Feb-17,8.3,8.28,8.33,8.27,12.42
13-Feb-17,8.35,8.32,8.39,8.31,9.75
14-Feb-17,8.32,8.35,8.36,8.31,11.11
15-Feb-17,8.37,8.35,8.39,8.33,9.69
16-Feb-17,8.4,8.38,8.4,8.37,23.4
17-Feb-17,8.46,8.4,8.48,8.39,26.38
20-Feb-17,8.42,8.46,8.47,8.38,5.62
21-Feb-17,8.4,8.47,8.47,8.39,4.11
22-Feb-17,8.42,8.43,8.45,8.4,7.55
23-Feb-17,8.4,8.42,8.42,8.38,7.36
24-Feb-17,8.6,8.46,8.65,8.45,22.58
27-Feb-17,8.62,8.6,8.69,8.6,9.55
28-Feb-17,8.6,8.62,8.63,8.59,16.86
1-Mar-17,8.62,8.6,8.66,8.59,12.1
2-Mar-17,8.75,8.7,8.8,8.7,27.05
3-Mar-17,8.73,8.77,8.77,8.69,13.28
6-Mar-17,8.82,8.74,8.82,8.73,17.4
7-Mar-17,8.8,8.85,8.9,8.8,23.25
8-Mar-17,8.83,8.8,8.86,8.8,10.1
9-Mar-17,8.73,8.8,8.81,8.7,14.32
10-Mar-17,8.77,8.77,8.84,8.73,14.42
13-Mar-17,8.8,8.78,8.84,8.78,11.66
14-Mar-17,8.85,8.82,8.85,8.82,14.97
15-Mar-17,8.75,8.85,8.85,8.73,7.22
16-Mar-17,8.85,8.79,8.85,8.79,34.04
17-Mar-17,8.9,8.9,9,8.88,34.24
20-Mar-17,8.9,8.9,8.99,8.89,10.99
21-Mar-17,9,8.97,9,8.95,20.29
22-Mar-17,8.94,8.95,9,8.9,15.06
23-Mar-17,9,8.96,9.04,8.95,16.53
24-Mar-17,8.99,9.02,9.04,8.98,9.62
27-Mar-17,8.97,8.98,9,8.93,7.16
28-Mar-17,9,9,9,8.96,11.54
29-Mar-17,8.97,9,9.02,8.93,9.95
30-Mar-17,8.92,8.98,8.98,8.89,11.34
31-Mar-17,8.92,8.98,8.98,8.91,9.42
3-Apr-17,9,8.91,9,8.9,8.29
4-Apr-17,9,9.01,9.02,8.97,10.48
5-Apr-17,8.95,8.99,8.99,8.93,12
6-Apr-17,8.94,8.95,8.96,8.93,25.41
7-Apr-17,9,8.96,9,8.93,30.7
10-Apr-17,8.99,8.99,9,8.97,8.02
11-Apr-17,8.98,9,9,8.96,5.56
12-Apr-17,8.98,8.98,8.99,8.96,7.06
13-Apr-17,8.96,8.98,8.99,8.92,12.39
14-Apr-17,8.95,8.95,8.97,8.93,7.48
17-Apr-17,9.02,8.95,9.02,8.92,14.49
18-Apr-17,9.04,9.01,9.04,9.01,15.44
19-Apr-17,9.05,9.04,9.06,9.03,22.36
20-Apr-17,9.08,9.05,9.09,9.03,24.08
21-Apr-17,9.4,9.1,9.43,9.09,41.14
25-Apr-17,9.37,9.4,9.4,9.32,21.73
26-Apr-17,9.48,9.33,9.48,9.32,29.08
27-Apr-17,9.54,9.42,9.55,9.42,33.35
28-Apr-17,9.58,9.5,9.6,9.5,34.36
2-May-17,9.6,9.57,9.67,9.54,34.06
3-May-17,9.59,9.61,9.68,9.56,20.03
4-May-17,9.2,9.28,9.28,9.11,19.42
5-May-17,9.3,9.2,9.35,9.17,18.99
8-May-17,9.39,9.3,9.4,9.3,13.28
9-May-17,9.36,9.4,9.41,9.35,14.77
11-May-17,9.31,9.4,9.41,9.31,21.51
12-May-17,9.38,9.36,9.4,9.34,12.68
15-May-17,9.38,9.36,9.4,9.36,13.07
16-May-17,9.35,9.36,9.38,9.33,11.15
17-May-17,9.34,9.36,9.36,9.32,10.56
18-May-17,9.32,9.28,9.35,9.25,14.7
19-May-17,9.35,9.34,9.4,9.32,28.52
22-May-17,9.35,9.35,9.37,9.25,10.33
23-May-17,9.35,9.35,9.4,9.3,12.39
24-May-17,9.36,9.38,9.4,9.31,16.26
25-May-17,9.39,9.36,9.58,9.35,38.06
26-May-17,9.4,9.36,9.42,9.3,11.62
29-May-17,9.4,9.4,9.41,9.39,7.79
30-May-17,9.36,9.39,9.39,9.31,10.92
31-May-17,9.44,9.39,9.44,9.34,18.11
1-Jun-17,9.42,9.44,9.44,9.38,15.21
2-Jun-17,9.53,9.42,9.55,9.42,18.47
5-Jun-17,9.59,9.5,9.61,9.47,21.97
6-Jun-17,9.58,9.59,9.6,9.52,4.63
7-Jun-17,9.55,9.57,9.6,9.5,8.76
8-Jun-17,9.57,9.53,9.61,9.53,9.29
9-Jun-17,9.57,9.59,9.61,9.55,10.29
13-Jun-17,9.57,9.59,9.59,9.57,5.87
14-Jun-17,9.61,9.6,9.61,9.57,12.58
15-Jun-17,9.64,9.58,9.65,9.58,10.49
16-Jun-17,9.63,9.62,9.64,9.59,13.51
19-Jun-17,9.63,9.61,9.65,9.58,9.96
20-Jun-17,9.64,9.63,9.65,9.62,24.09
21-Jun-17,9.59,9.62,9.64,9.55,17.09
22-Jun-17,9.58,9.56,9.6,9.51,7.97
23-Jun-17,9.6,9.58,9.6,9.58,9.43
28-Jun-17,9.63,9.6,9.65,9.58,9.82
29-Jun-17,9.63,9.62,9.64,9.61,5.23
30-Jun-17,9.63,9.61,9.67,9.61,24.69
3-Jul-17,9.64,9.63,9.65,9.62,12.22
4-Jul-17,9.65,9.63,9.67,9.61,7.89
5-Jul-17,9.66,9.66,9.67,9.64,16.51
6-Jul-17,9.65,9.61,9.67,9.61,10.89
7-Jul-17,9.63,9.65,9.66,9.62,10.66
10-Jul-17,9.62,9.61,9.64,9.61,7.95
11-Jul-17,9.63,9.63,9.63,9.6,6.1
12-Jul-17,9.63,9.63,9.63,9.56,8.31
13-Jul-17,9.61,9.63,9.63,9.6,13.22
14-Jul-17,9.62,9.62,9.63,9.58,13.05
17-Jul-17,9.61,9.62,9.64,9.57,7.93
18-Jul-17,9.6,9.6,9.62,9.56,14.05
19-Jul-17,9.64,9.61,9.64,9.6,27.59
20-Jul-17,9.62,9.65,9.65,9.6,13.24
21-Jul-17,9.63,9.63,9.64,9.62,11.82
24-Jul-17,9.63,9.63,9.64,9.6,8.82
25-Jul-17,9.62,9.63,9.64,9.62,7.47
26-Jul-17,9.63,9.63,9.64,9.62,6.94
27-Jul-17,9.64,9.64,9.66,9.62,7.81
28-Jul-17,9.64,9.64,9.65,9.63,4.42
31-Jul-17,9.54,9.66,9.66,9.54,18.73
1-Aug-17,9.65,9.58,9.66,9.56,21.91
2-Aug-17,9.65,9.64,9.65,9.6,8.29
3-Aug-17,9.64,9.65,9.67,9.63,13.03
4-Aug-17,9.65,9.62,9.65,9.62,10.85
7-Aug-17,9.7,9.64,9.77,9.64,11.19
8-Aug-17,9.8,9.7,9.84,9.69,23.85
9-Aug-17,9.82,9.76,9.83,9.69,12.97
10-Aug-17,9.78,9.8,9.82,9.73,8.47
11-Aug-17,9.69,9.73,9.75,9.66,10.81
14-Aug-17,9.69,9.68,9.71,9.64,12.06
15-Aug-17,9.69,9.72,9.72,9.67,5.04
16-Aug-17,9.69,9.7,9.71,9.68,8.57
17-Aug-17,9.7,9.7,9.75,9.68,8.14
18-Aug-17,9.66,9.69,9.7,9.62,13.89
21-Aug-17,9.6,9.62,9.64,9.58,15.21
22-Aug-17,9.61,9.6,9.63,9.6,16.65
23-Aug-17,9.58,9.61,9.64,9.57,7.19
24-Aug-17,9.57,9.58,9.61,9.53,8.13
25-Aug-17,9.56,9.59,9.6,9.5,9.26
28-Aug-17,9.6,9.5,9.6,9.5,5.02
29-Aug-17,9.46,9.59,9.6,9.42,9.88
30-Aug-17,9.46,9.43,9.5,9.43,15.38
5-Sep-17,9.42,9.58,9.58,9.4,12.52
6-Sep-17,9.47,9.42,9.48,9.42,10.04
7-Sep-17,9.49,9.47,9.49,9.45,19.32
8-Sep-17,9.6,9.5,9.64,9.49,17.53
11-Sep-17,9.62,9.6,9.63,9.57,11.75
12-Sep-17,9.7,9.65,9.72,9.63,6.16
13-Sep-17,9.7,9.65,9.71,9.65,8.76
14-Sep-17,9.72,9.7,9.73,9.68,12.06
15-Sep-17,9.7,9.71,9.72,9.65,7.54
18-Sep-17,9.8,9.7,9.82,9.7,13.4
19-Sep-17,9.81,9.75,9.82,9.72,12.77
20-Sep-17,9.85,9.81,9.85,9.8,10.32
21-Sep-17,9.85,9.8,9.86,9.8,6.79
25-Sep-17,9.78,9.79,9.84,9.66,14.26
26-Sep-17,9.8,9.75,9.84,9.73,20.58
27-Sep-17,9.82,9.8,9.86,9.75,19.03
28-Sep-17,9.8,9.8,9.85,9.79,18.24
29-Sep-17,9.53,9.6,9.6,9.49,7.95
2-Oct-17,9.55,9.55,9.57,9.54,12.6
3-Oct-17,9.56,9.57,9.58,9.54,8.46
4-Oct-17,9.55,9.54,9.57,9.53,2.96
5-Oct-17,9.54,9.54,9.56,9.53,8.16
6-Oct-17,9.54,9.56,9.56,9.53,9.89
9-Oct-17,9.55,9.54,9.56,9.53,3.97
10-Oct-17,9.54,9.55,9.56,9.54,4.54
11-Oct-17,9.55,9.51,9.55,9.51,5.26
12-Oct-17,9.53,9.55,9.55,9.52,8.59
13-Oct-17,9.51,9.55,9.55,9.5,6.47
16-Oct-17,9.46,9.51,9.52,9.46,7.6
17-Oct-17,9.42,9.42,9.48,9.42,6.75
19-Oct-17,9.35,9.4,9.43,9.35,9.31
20-Oct-17,9.29,9.35,9.36,9.27,6.46
23-Oct-17,9.24,9.29,9.3,9.23,7.85
24-Oct-17,9.25,9.29,9.29,9.24,9.67
25-Oct-17,9.24,9.23,9.26,9.17,7.8
26-Oct-17,9.24,9.25,9.26,9.23,9.82
27-Oct-17,9.23,9.26,9.33,9.23,8.12
30-Oct-17,9.24,9.21,9.3,9.16,8.85
31-Oct-17,9.25,9.2,9.28,9.2,11.07
1-Nov-17,9.2,9.25,9.26,9.2,4.54
2-Nov-17,9.25,9.21,9.25,9.19,5.7
3-Nov-17,9.24,9.25,9.28,9.2,7.04
6-Nov-17,9.25,9.24,9.26,9.24,8.33
7-Nov-17,9.25,9.26,9.27,9.23,5.26
8-Nov-17,9.15,9.22,9.23,9.15,6.48
9-Nov-17,9.16,9.15,9.2,9.11,10.31
10-Nov-17,9.18,9.16,9.39,9.1,10.09
13-Nov-17,9.16,9.18,9.24,9.16,7.46
14-Nov-17,9.34,9.35,9.48,9.18,16.88
15-Nov-17,9.21,9.3,9.38,9.21,11.66
16-Nov-17,9.21,9.2,9.24,9.11,10.14
17-Nov-17,9.22,9.2,9.25,9.2,7.98
20-Nov-17,9.21,9.2,9.22,9.18,6.93
21-Nov-17,9.21,9.21,9.24,9.2,8.06
22-Nov-17,9.21,9.23,9.24,9.2,10.28
23-Nov-17,9.21,9.2,9.24,9.2,2.37
24-Nov-17,9.15,9.21,9.23,9.15,25.73
27-Nov-17,9.2,9.19,9.21,9.17,4.67
28-Nov-17,9.2,9.23,9.23,9.16,8.57
29-Nov-17,9.2,9.2,9.2,9.18,13.5
30-Nov-17,9.25,9.19,9.28,9.17,62.09
4-Dec-17,9.25,9.32,9.45,9.24,14.84
5-Dec-17,9.38,9.24,9.38,9.24,10.42
6-Dec-17,9.26,9.35,9.35,9.23,13.2
7-Dec-17,9.27,9.26,9.33,9.24,13.09
8-Dec-17,9.27,9.26,9.29,9.24,10.64
11-Dec-17,9.25,9.27,9.27,9.25,9.89
12-Dec-17,9.25,9.25,9.26,9.21,22.17
13-Dec-17,9.25,9.24,9.27,9.24,12.69
14-Dec-17,9.49,9.26,9.5,9.25,21.86
15-Dec-17,9.54,9.45,9.68,9.42,12.61
18-Dec-17,9.5,9.5,9.53,9.42,4.86
19-Dec-17,9.49,9.5,9.5,9.44,14.1
20-Dec-17,9.5,9.46,9.52,9.45,14.1
21-Dec-17,9.48,9.5,9.5,9.41,5.24
22-Dec-17,9.48,9.48,9.5,9.46,6.99
26-Dec-17,9.47,9.49,9.5,9.43,8.96
27-Dec-17,9.55,9.46,9.55,9.46,11.66
28-Dec-17,9.56,9.56,9.63,9.51,5.09
29-Dec-17,9.8,9.56,9.8,9.53,10.7
2-Jan-18,9.66,9.65,9.68,9.59,5.28
3-Jan-18,9.78,9.66,9.78,9.66,13.95
4-Jan-18,9.8,9.78,9.82,9.78,18.31
5-Jan-18,9.8,9.8,9.82,9.79,16.27
8-Jan-18,9.85,9.8,9.85,9.79,19.24
9-Jan-18,9.83,9.82,9.85,9.8,14.59
10-Jan-18,9.84,9.81,9.85,9.81,18.22
11-Jan-18,9.84,9.84,9.85,9.83,11.07
12-Jan-18,9.85,9.83,9.86,9.83,15.1
15-Jan-18,9.85,9.83,9.88,9.83,8.16
16-Jan-18,9.85,9.86,9.87,9.82,8.74
17-Jan-18,9.88,9.85,9.88,9.83,6.25
18-Jan-18,9.86,9.88,9.88,9.85,7.09
19-Jan-18,9.87,9.86,9.87,9.85,10.35
22-Jan-18,9.87,9.83,9.88,9.83,7.85
23-Jan-18,9.89,9.85,9.89,9.81,11.01
24-Jan-18,9.91,9.89,9.92,9.88,10.79
25-Jan-18,10,9.9,10,9.9,22.37
26-Jan-18,10.08,10,10.08,9.96,12.66
29-Jan-18,10.2,10.04,10.24,10.04,11.92
30-Jan-18,10.1,10.14,10.18,10.02,13.48
2-Feb-18,10.1,10.18,10.18,10.04,22.12
5-Feb-18,10.02,9.92,10.1,9.86,16.51
6-Feb-18,10,9.9,10.02,9.72,26.59
7-Feb-18,10.06,10.04,10.16,9.99,15.62
8-Feb-18,10.08,10.1,10.1,10,7.44
9-Feb-18,10.02,9.9,10.04,9.89,9.94
12-Feb-18,10.06,10.04,10.08,10.02,9.64
13-Feb-18,10.1,10.1,10.12,10.04,14.34
14-Feb-18,10.12,10.12,10.14,10.08,13.6
15-Feb-18,10.1,10.1,10.14,10.1,6.34
19-Feb-18,10.14,10.12,10.16,10.08,7.97
20-Feb-18,10.14,10.14,10.16,10.1,10.24
21-Feb-18,10.18,10.12,10.2,10.12,13.28
22-Feb-18,10.2,10.14,10.2,10.08,6.64
23-Feb-18,10.26,10.2,10.3,10.18,16.71
26-Feb-18,10.4,10.28,10.56,10.26,34.97
27-Feb-18,10.46,10.5,10.58,10.4,25.32
28-Feb-18,10.46,10.42,10.5,10.42,37.08
1-Mar-18,10.44,10.46,10.48,10.42,19.5
2-Mar-18,10.46,10.42,10.46,10.4,13.93
5-Mar-18,10.42,10.46,10.46,10.36,15.42
6-Mar-18,10.5,10.44,10.5,10.42,28.2
7-Mar-18,10.48,10.5,10.52,10.46,38.29
8-Mar-18,10.46,10.44,10.5,10.4,9.81
9-Mar-18,10.44,10.46,10.48,10.38,7.81
12-Mar-18,10.44,10.42,10.48,10.4,8.07
13-Mar-18,10.44,10.42,10.46,10.42,6.83
14-Mar-18,10.44,10.46,10.46,10.34,8.62
15-Mar-18,10.36,10.44,10.44,10.36,12.41
16-Mar-18,10.32,10.24,10.36,10.18,21.56
19-Mar-18,10.32,10.3,10.34,10.26,7
20-Mar-18,10.34,10.3,10.38,10.26,12.5
21-Mar-18,10.28,10.36,10.4,10.28,18.32
22-Mar-18,10.54,10.3,10.54,10.28,14.52
23-Mar-18,10.5,10.46,10.52,10.36,22.24
26-Mar-18,10.52,10.46,10.52,10.44,13.67
27-Mar-18,10.52,10.52,10.52,10.46,10.53
28-Mar-18,10.5,10.48,10.52,10.46,6.05
29-Mar-18,10.52,10.5,10.52,10.48,7.68
30-Mar-18,10.6,10.52,10.6,10.5,17.58
2-Apr-18,10.52,10.56,10.58,10.5,11.48
3-Apr-18,10.52,10.5,10.54,10.46,9.38
4-Apr-18,10.34,10.46,10.54,10.28,19.08
5-Apr-18,10.48,10.4,10.5,10.38,10.78
6-Apr-18,10.48,10.46,10.52,10.38,10.72
9-Apr-18,10.46,10.48,10.48,10.38,12.23
10-Apr-18,10.48,10.44,10.48,10.44,18.84
11-Apr-18,10.6,10.5,10.6,10.48,26.41
12-Apr-18,10.54,10.56,10.58,10.52,17.21
13-Apr-18,10.54,10.5,10.56,10.48,15.59
16-Apr-18,10.6,10.54,10.6,10.48,18.81
17-Apr-18,10.62,10.54,10.66,10.52,26.46
18-Apr-18,10.6,10.6,10.62,10.56,14.63
19-Apr-18,10.68,10.62,10.68,10.6,18.81
20-Apr-18,10.72,10.68,10.72,10.62,8.12
23-Apr-18,10.62,10.66,10.72,10.6,5.34
24-Apr-18,10.62,10.7,10.72,10.58,12.62
25-Apr-18,10.58,10.56,10.62,10.44,11.02
26-Apr-18,10.68,10.66,10.7,10.6,16.23
27-Apr-18,10.76,10.7,10.84,10.68,27.04
30-Apr-18,10.78,10.76,10.8,10.72,9.9
2-May-18,10.66,10.76,10.8,10.62,18.79
3-May-18,10.7,10.6,10.8,10.6,16.31
4-May-18,10.62,10.68,10.72,10.54,24.48
7-May-18,10.54,10.56,10.58,10.5,13.25
8-May-18,10.7,10.46,10.74,10.46,22.68
14-May-18,10.8,10.48,11.08,10.32,38.13
15-May-18,10.8,10.84,10.9,10.6,25.02
16-May-18,10.86,10.76,10.96,10.66,14.88
17-May-18,10.82,10.86,10.9,10.78,15.86
18-May-18,10.82,10.86,10.88,10.78,20.84
21-May-18,10.88,10.76,10.9,10.76,16.95
22-May-18,10.88,10.84,10.9,10.82,14.77
23-May-18,10.68,10.88,10.9,10.62,37.77
24-May-18,10.26,10.7,10.74,9.87,84.88
25-May-18,10.26,10.46,10.46,10.1,21.18
28-May-18,10,10.3,10.32,9.94,24.03
30-May-18,9.57,9.9,9.9,9.37,55.69
31-May-18,9.66,9.64,9.82,9.45,97.54
1-Jun-18,10.04,9.63,10.1,9.52,27.31
4-Jun-18,9.98,10.04,10.06,9.95,28.04
5-Jun-18,9.65,9.76,9.82,9.56,28.89
6-Jun-18,9.59,9.61,9.64,9.54,26.66
7-Jun-18,9.87,9.64,9.96,9.6,22.4
8-Jun-18,9.8,9.89,9.89,9.66,15.01
11-Jun-18,9.76,9.8,9.8,9.66,10.34
12-Jun-18,9.6,9.72,9.74,9.6,16.22
13-Jun-18,9.6,9.6,9.66,9.5,10.24
14-Jun-18,9.6,9.55,9.63,9.52,64.04
18-Jun-18,9.55,9.5,9.65,9.5,13.11
19-Jun-18,9.28,9.54,9.54,9.28,24.01
20-Jun-18,9.24,9.37,9.4,9.24,12.87
21-Jun-18,9.17,9.25,9.27,9.17,16.32
22-Jun-18,9.19,9.15,9.26,9.12,12.92
25-Jun-18,9.08,9.23,9.25,9.08,8.9
26-Jun-18,9,9.07,9.07,8.93,18.9
27-Jun-18,8.68,9,9.1,8.68,19.39
28-Jun-18,8.84,8.7,8.95,8.69,10.49
29-Jun-18,9,8.87,9.1,8.84,16.31
2-Jul-18,8.96,9,9.04,8.88,10.72
3-Jul-18,8.98,8.98,9.03,8.95,9.18
4-Jul-18,8.98,8.97,9.02,8.95,10.97
5-Jul-18,9.03,9,9.08,8.99,4.96
6-Jul-18,8.97,9.1,9.14,8.97,6.44
9-Jul-18,9.08,9,9.09,8.99,5.81
10-Jul-18,9.14,9.11,9.16,9.09,7.98
11-Jul-18,9.14,9.09,9.16,9.05,7.16
12-Jul-18,9.5,9.14,9.5,9.13,10.61
13-Jul-18,9.51,9.59,9.59,9.4,12.3
16-Jul-18,9.57,9.55,9.59,9.53,11.43
17-Jul-18,9.58,9.55,9.62,9.55,5.77
18-Jul-18,9.6,9.6,9.63,9.58,8.63
19-Jul-18,9.81,9.65,9.88,9.61,13.3
20-Jul-18,9.79,9.81,9.85,9.75,9.26
23-Jul-18,9.81,9.8,9.85,9.77,7.31
24-Jul-18,9.77,9.8,9.84,9.77,11.33
25-Jul-18,9.81,9.77,9.83,9.75,8.52
26-Jul-18,9.9,9.84,9.9,9.81,16.21
27-Jul-18,9.88,9.88,9.89,9.84,5.77
30-Jul-18,9.85,9.87,9.87,9.82,7.63
31-Jul-18,9.81,9.8,9.88,9.71,25.54
1-Aug-18,9.85,9.8,9.85,9.76,11.5
2-Aug-18,9.84,9.85,9.86,9.83,5.24
3-Aug-18,9.83,9.85,9.87,9.82,4.25
6-Aug-18,9.87,9.83,9.87,9.82,4.49
7-Aug-18,9.89,9.86,9.91,9.86,10.26
8-Aug-18,9.9,9.89,9.93,9.89,9.63
9-Aug-18,9.9,9.9,9.92,9.89,8.74
10-Aug-18,9.89,9.9,9.93,9.88,10.03
13-Aug-18,9.88,9.89,9.9,9.85,6.73
14-Aug-18,9.8,9.86,9.9,9.8,10.3
15-Aug-18,9.79,9.8,9.82,9.76,7.34
16-Aug-18,9.79,9.78,9.82,9.77,6.14
17-Aug-18,9.78,9.8,9.81,9.78,5.92
20-Aug-18,9.79,9.77,9.85,9.77,6.42
21-Aug-18,9.82,9.8,9.84,9.78,13.85
23-Aug-18,9.81,9.81,9.82,9.77,10.97
24-Aug-18,9.81,9.8,9.84,9.8,6.11
27-Aug-18,9.93,9.84,9.96,9.83,12.8
28-Aug-18,10,9.95,10,9.93,10.45
29-Aug-18,10,10,10,9.93,14.72
30-Aug-18,9.96,9.99,10,9.92,10.07
3-Sep-18,10.02,10.02,10.14,9.99,9.77
4-Sep-18,9.99,10.02,10.06,9.99,8.29
5-Sep-18,9.87,9.95,10,9.75,13.45
6-Sep-18,9.88,9.85,9.9,9.83,4.61
7-Sep-18,9.89,9.9,9.9,9.82,4.51
12-Sep-18,9.8,10.02,10.02,9.75,13.81
13-Sep-18,9.88,9.79,9.9,9.75,12.13
14-Sep-18,9.9,9.85,9.93,9.85,10.08
18-Sep-18,9.74,9.84,9.88,9.69,12.63
19-Sep-18,9.75,9.79,9.87,9.75,8.24
20-Sep-18,9.79,9.75,9.8,9.74,7.82
21-Sep-18,9.79,9.82,9.86,9.76,57.21
24-Sep-18,9.79,9.77,9.82,9.76,7.04
25-Sep-18,9.8,9.79,9.82,9.78,3.8
26-Sep-18,9.78,9.8,9.82,9.78,17.13
27-Sep-18,9.79,9.79,9.81,9.78,9.19
28-Sep-18,9.79,9.6,9.8,9.56,13.36
1-Oct-18,9.71,9.78,9.79,9.71,5.94
2-Oct-18,9.74,9.75,9.76,9.7,6.42
3-Oct-18,9.71,9.71,9.73,9.67,10.22
4-Oct-18,9.7,9.69,9.73,9.66,9.84
5-Oct-18,9.66,9.71,9.71,9.6,7.78
8-Oct-18,9.65,9.63,9.67,9.63,8.5
9-Oct-18,9.65,9.63,9.66,9.6,6.91
10-Oct-18,9.51,9.59,9.65,9.37,13.11
11-Oct-18,9.28,9.35,9.42,9.16,18.66
12-Oct-18,9.58,9.24,9.61,9.24,15.69
15-Oct-18,9.58,9.58,9.66,9.54,10.74
16-Oct-18,9.55,9.55,9.57,9.48,8
17-Oct-18,9.59,9.6,9.62,9.56,12.19
18-Oct-18,9.6,9.55,9.61,9.48,7.88
19-Oct-18,9.6,9.58,9.61,9.48,10.53
22-Oct-18,9.6,9.62,9.64,9.57,7.15
23-Oct-18,9.4,9.54,9.55,9.4,11.92
24-Oct-18,9.38,9.41,9.5,9.33,6.08
25-Oct-18,9.47,9.33,9.48,9.26,8.45
26-Oct-18,9.44,9.46,9.46,9.4,6.51
29-Oct-18,9.27,9.44,9.44,9.26,2.79
30-Oct-18,9.34,9.31,9.42,9.24,4.86
31-Oct-18,9.49,9.4,9.59,9.34,12.12
1-Nov-18,9.4,9.49,9.5,9.39,8.07
2-Nov-18,9.4,9.46,9.52,9.37,10.61
5-Nov-18,9.38,9.4,9.46,9.27,4.49
7-Nov-18,9.28,9.31,9.35,9.19,14.82
8-Nov-18,9.32,9.34,9.37,9.28,8.75
9-Nov-18,9.29,9.32,9.32,9.19,10.22
12-Nov-18,9.2,9.25,9.27,9.13,4.84
13-Nov-18,9.19,9.15,9.23,9.1,7.73
14-Nov-18,9.29,9.18,9.3,9.16,4.01
15-Nov-18,9.38,9.24,9.5,9.22,6.54
16-Nov-18,9.45,9.47,9.48,9.36,9.6
19-Nov-18,9.5,9.47,9.5,9.39,5.87
21-Nov-18,9.4,9.4,9.46,9.37,7
22-Nov-18,9.39,9.4,9.49,9.34,2.99
23-Nov-18,9.42,9.39,9.42,9.36,1.58
26-Nov-18,9.45,9.42,9.45,9.38,4.47
27-Nov-18,9.4,9.45,9.52,9.34,7.67
28-Nov-18,9.43,9.43,9.46,9.4,10.1
29-Nov-18,9.45,9.45,9.49,9.44,10.53
30-Nov-18,9.39,9.45,9.45,9.34,15.6
3-Dec-18,9.43,9.46,9.47,9.39,8.41
4-Dec-18,9.42,9.42,9.44,9.39,8.4
5-Dec-18,9.42,9.38,9.45,9.38,2.78
6-Dec-18,9.44,9.42,9.44,9.34,4.54
7-Dec-18,9.42,9.41,9.45,9.39,2.51
10-Dec-18,9.37,9.42,9.42,9.33,3.08
11-Dec-18,9.34,9.35,9.38,9.28,6.82
12-Dec-18,9.29,9.34,9.39,9.29,6.67
13-Dec-18,9.44,9.31,9.52,9.31,5.24
14-Dec-18,9.37,9.42,9.46,9.34,4.93
17-Dec-18,9.3,9.35,9.4,9.3,4.95
18-Dec-18,9.22,9.29,9.34,9.22,5.72
19-Dec-18,9.33,9.22,9.4,9.21,6.85
20-Dec-18,9.3,9.22,9.3,9.22,4.15
21-Dec-18,9.29,9.22,9.31,9.22,13.7
24-Dec-18,9.26,9.25,9.32,9.22,4.89
26-Dec-18,9.35,9.23,9.35,9.22,2.53
27-Dec-18,9.4,9.36,9.43,9.32,2.73
28-Dec-18,9.43,9.4,9.47,9.36,3.42
31-Dec-18,9.5,9.45,9.52,9.44,9.54
2-Jan-19,9.39,9.5,9.5,9.38,4.09
3-Jan-19,9.36,9.32,9.45,9.32,6.98
4-Jan-19,9.35,9.31,9.38,9.31,4.23
7-Jan-19,9.46,9.37,9.51,9.37,7.58
8-Jan-19,9.47,9.49,9.5,9.44,6.68
9-Jan-19,9.47,9.49,9.49,9.44,7.43
10-Jan-19,9.45,9.48,9.49,9.39,6.41
11-Jan-19,9.45,9.46,9.48,9.4,8.56
14-Jan-19,9.43,9.45,9.47,9.34,2.58
15-Jan-19,9.41,9.45,9.49,9.37,8.87
16-Jan-19,9.42,9.41,9.43,9.37,5.91
17-Jan-19,9.41,9.45,9.46,9.38,5.3
18-Jan-19,9.55,9.42,9.55,9.4,7.47
22-Jan-19,9.51,9.53,9.55,9.48,8.84
23-Jan-19,9.54,9.51,9.55,9.45,10.8
24-Jan-19,9.62,9.53,9.65,9.52,14.95
25-Jan-19,9.66,9.59,9.66,9.59,13.45
28-Jan-19,9.66,9.69,9.71,9.53,10.64
29-Jan-19,9.69,9.65,9.69,9.56,14.15
30-Jan-19,9.6,9.63,9.69,9.56,9.49
31-Jan-19,9.54,9.64,9.64,9.54,17.02
4-Feb-19,9.57,9.68,9.68,9.55,6.69
7-Feb-19,9.59,9.6,9.66,9.52,8.38
8-Feb-19,9.58,9.55,9.6,9.55,11.29
11-Feb-19,9.59,9.6,9.63,9.57,9.39
12-Feb-19,9.56,9.62,9.62,9.55,6.18
13-Feb-19,9.55,9.55,9.6,9.5,8.71
14-Feb-19,9.55,9.52,9.59,9.51,9.23
15-Feb-19,9.47,9.56,9.57,9.44,10.59
18-Feb-19,9.48,9.48,9.53,9.47,2.59
19-Feb-19,9.48,9.48,9.49,9.46,28.16
20-Feb-19,9.52,9.51,9.54,9.48,22.18
21-Feb-19,9.53,9.53,9.57,9.51,10.88
22-Feb-19,9.54,9.53,9.57,9.52,7.14
25-Feb-19,9.54,9.56,9.57,9.51,6.37
26-Feb-19,9.55,9.56,9.59,9.53,22.19
27-Feb-19,9.58,9.58,9.61,9.56,21.04
28-Feb-19,9.53,9.59,9.63,9.53,15.94
1-Mar-19,9.53,9.58,9.58,9.51,15.99
4-Mar-19,9.54,9.5,9.66,9.5,6.56
5-Mar-19,9.53,9.53,9.58,9.53,5.97
6-Mar-19,9.54,9.56,9.57,9.53,6.94
7-Mar-19,9.53,9.52,9.6,9.52,9.14
8-Mar-19,9.53,9.53,9.58,9.51,10
11-Mar-19,9.47,9.53,9.54,9.47,5.99
12-Mar-19,9.49,9.48,9.54,9.47,6.56
13-Mar-19,9.55,9.49,9.55,9.47,9.01
14-Mar-19,9.49,9.55,9.55,9.47,6.03
15-Mar-19,9.47,9.54,9.55,9.47,12.41
18-Mar-19,9.49,9.5,9.52,9.48,4.2
19-Mar-19,9.48,9.49,9.5,9.47,7.33
20-Mar-19,9.47,9.47,9.5,9.44,4.19
21-Mar-19,9.4,9.48,9.48,9.3,10.79
22-Mar-19,9.29,9.43,9.44,9.26,9.65
25-Mar-19,9.23,9.25,9.29,9.22,8.18
26-Mar-19,9.25,9.23,9.3,9.23,13.55
27-Mar-19,9.26,9.3,9.31,9.25,7.54
28-Mar-19,9.26,9.26,9.3,9.25,10.76
29-Mar-19,9.27,9.28,9.29,9.23,12.31
1-Apr-19,9.2,9.28,9.29,9.19,10
2-Apr-19,9.25,9.27,9.29,9.22,9.28
3-Apr-19,9.24,9.29,9.29,9.24,8.13
4-Apr-19,9.27,9.24,9.3,9.24,9.26
5-Apr-19,9.26,9.26,9.29,9.24,7.89
8-Apr-19,9.28,9.28,9.29,9.25,5.18
9-Apr-19,9.3,9.28,9.3,9.25,9.05
10-Apr-19,9.28,9.29,9.3,9.26,7.98
11-Apr-19,9.26,9.28,9.29,9.26,9.16
12-Apr-19,9.27,9.26,9.28,9.26,6.4
15-Apr-19,9.25,9.27,9.31,9.25,4.28
16-Apr-19,9.21,9.25,9.29,9.2,10.53
17-Apr-19,9,9.2,9.2,8.99,19.41
18-Apr-19,9,8.99,9.02,8.75,19.8
19-Apr-19,9.09,9.02,9.11,9,4.48
22-Apr-19,9.15,9.1,9.19,9.1,6.55
23-Apr-19,9.16,9.17,9.17,9.13,5.86
24-Apr-19,9.14,9.22,9.33,9.12,11.42
25-Apr-19,9.13,9.14,9.18,9.12,9.55
26-Apr-19,9.14,9.14,9.19,9.13,8.89
29-Apr-19,9.14,9.15,9.16,9.12,4.7
30-Apr-19,9.25,9.17,9.3,9.14,13.97
2-May-19,9.25,9.25,9.3,9.24,5.77
3-May-19,9.26,9.26,9.3,9.25,9.42
6-May-19,9.3,9.25,9.3,9.21,3.01
7-May-19,8.99,9.02,9.03,8.92,6.7
8-May-19,8.97,8.98,8.98,8.91,5.89
9-May-19,8.97,8.98,9,8.96,11.64
10-May-19,8.97,8.97,8.99,8.91,9.95
13-May-19,8.98,8.98,9,8.91,9.16
14-May-19,8.96,8.9,8.99,8.9,9.81
15-May-19,9.01,8.98,9.04,8.95,14.21
16-May-19,8.96,9.01,9.02,8.96,6.56
17-May-19,9,9,9.02,8.98,5.44
21-May-19,8.99,9,9.04,8.95,5.88
23-May-19,9.02,8.75,9.1,8.75,9.07
24-May-19,8.99,9,9.05,8.96,4.78
27-May-19,8.99,9,9.01,8.98,4.58
28-May-19,8.99,8.99,9,8.97,16.56
29-May-19,9.05,9,9.09,8.97,5.61
30-May-19,9.01,9,9.07,8.9,5.65
31-May-19,9.02,9,9.04,8.98,6.92
3-Jun-19,8.99,9.05,9.05,8.97,8.59
4-Jun-19,8.97,9.04,9.06,8.94,5.29
7-Jun-19,8.99,9.02,9.02,8.96,9.09
10-Jun-19,9.04,9,9.04,8.95,4.04
11-Jun-19,8.99,9.02,9.03,8.98,2.93
12-Jun-19,9,8.98,9,8.95,4.19
13-Jun-19,8.96,8.99,8.99,8.95,4.88
14-Jun-19,8.96,8.97,8.97,8.95,6.65
17-Jun-19,8.96,8.98,8.98,8.93,5.02
18-Jun-19,8.93,8.96,8.97,8.92,5.28
19-Jun-19,8.94,8.97,8.97,8.93,7.57
20-Jun-19,8.94,8.92,8.96,8.91,7.65
21-Jun-19,8.94,8.96,8.96,8.91,11.04
24-Jun-19,8.96,8.93,8.97,8.92,7.1
25-Jun-19,8.93,8.95,8.96,8.9,8.64
26-Jun-19,8.92,8.92,8.94,8.91,6.92
27-Jun-19,8.89,8.92,8.93,8.86,7.93
28-Jun-19,8.88,8.89,8.96,8.88,7.55
1-Jul-19,8.91,8.91,8.94,8.9,3.66
2-Jul-19,8.98,8.92,8.98,8.91,12.84
3-Jul-19,8.97,8.98,8.98,8.93,9.67
4-Jul-19,8.98,8.97,8.98,8.94,7.72
5-Jul-19,8.97,8.96,8.98,8.93,5.13
8-Jul-19,8.92,8.95,8.97,8.91,5.6
9-Jul-19,8.94,8.94,8.97,8.93,8.07
10-Jul-19,8.94,8.95,8.96,8.93,5.88
11-Jul-19,8.95,8.95,8.97,8.92,4.32
12-Jul-19,8.92,8.98,8.98,8.88,10.9
15-Jul-19,8.9,8.93,8.94,8.89,3.7
16-Jul-19,8.89,8.9,8.95,8.88,3.59
17-Jul-19,8.88,8.9,8.92,8.86,5.7
18-Jul-19,8.86,8.88,8.89,8.86,3.84
19-Jul-19,8.87,8.87,8.88,8.86,4.5
22-Jul-19,8.82,8.88,8.89,8.81,6.06
23-Jul-19,8.82,8.82,8.84,8.8,6.37
24-Jul-19,8.76,8.82,8.83,8.76,5.07
25-Jul-19,8.75,8.79,8.82,8.73,9.11
26-Jul-19,8.73,8.75,8.78,8.71,4.58
29-Jul-19,8.73,8.75,8.78,8.7,5.07
31-Jul-19,8.65,8.73,8.75,8.65,17.15
1-Aug-19,8.69,8.65,8.72,8.65,5.04
2-Aug-19,8.65,8.7,8.7,8.65,6.82
5-Aug-19,8.58,8.65,8.65,8.58,8.83
6-Aug-19,8.59,8.54,8.63,8.51,9.92
7-Aug-19,8.6,8.61,8.62,8.6,8.3
8-Aug-19,8.62,8.62,8.69,8.6,6.22
9-Aug-19,8.6,8.64,8.66,8.6,6.56
13-Aug-19,8.56,8.6,8.61,8.53,5.92
14-Aug-19,8.59,8.6,8.63,8.56,9.5
15-Aug-19,8.55,8.57,8.58,8.52,8.88
16-Aug-19,8.51,8.56,8.57,8.5,10.12
19-Aug-19,8.52,8.52,8.57,8.5,6.71
20-Aug-19,8.55,8.52,8.56,8.52,10.35
21-Aug-19,8.53,8.55,8.56,8.53,5.82
22-Aug-19,8.56,8.55,8.58,8.53,5.95
23-Aug-19,8.64,8.56,8.64,8.56,6.33
26-Aug-19,8.59,8.59,8.6,8.56,6.01
27-Aug-19,8.55,8.61,8.64,8.55,14.19
28-Aug-19,8.53,8.55,8.58,8.52,5.6
29-Aug-19,8.57,8.54,8.59,8.53,8.27
30-Aug-19,8.69,8.62,8.7,8.6,9.21
3-Sep-19,8.7,8.74,8.75,8.68,8.6
4-Sep-19,8.72,8.72,8.77,8.68,8.8
5-Sep-19,8.74,8.73,8.78,8.72,8.27
6-Sep-19,8.75,8.78,8.78,8.73,7.44
10-Sep-19,8.86,8.86,8.88,8.81,12.51
11-Sep-19,8.89,8.88,8.91,8.87,11.23
12-Sep-19,8.9,8.9,8.98,8.89,12.78
13-Sep-19,8.9,8.91,8.95,8.86,10.33
17-Sep-19,8.9,8.95,8.96,8.88,13.91
18-Sep-19,8.7,8.65,8.72,8.63,6.04
19-Sep-19,8.64,8.7,8.72,8.64,6.75
20-Sep-19,8.73,8.66,8.73,8.64,13.27
23-Sep-19,8.72,8.75,8.75,8.68,3.99
24-Sep-19,8.65,8.72,8.72,8.62,8.89
25-Sep-19,8.62,8.68,8.68,8.61,4.08
26-Sep-19,8.7,8.64,8.7,8.64,7.63
27-Sep-19,8.6,8.7,8.7,8.6,4.33
30-Sep-19,8.51,8.61,8.63,8.5,9.06
1-Oct-19,8.59,8.55,8.59,8.53,5.55
2-Oct-19,8.53,8.57,8.57,8.52,3.92
3-Oct-19,8.48,8.52,8.54,8.46,6.57
4-Oct-19,8.44,8.5,8.5,8.4,10.66
7-Oct-19,8.47,8.45,8.5,8.44,4.1
8-Oct-19,8.45,8.48,8.5,8.42,5.38
9-Oct-19,8.38,8.45,8.45,8.38,4.47
10-Oct-19,8.39,8.4,8.4,8.37,3.47
11-Oct-19,8.44,8.4,8.47,8.4,3.99
14-Oct-19,8.53,8.48,8.57,8.48,4.91
15-Oct-19,8.51,8.54,8.55,8.51,3.75
16-Oct-19,8.52,8.54,8.58,8.5,8.85
17-Oct-19,8.52,8.53,8.55,8.5,5.99
18-Oct-19,8.5,8.54,8.54,8.47,7.1
21-Oct-19,8.49,8.5,8.55,8.47,3.74
22-Oct-19,8.5,8.51,8.54,8.45,6.5
23-Oct-19,8.47,8.5,8.51,8.45,4.09
24-Oct-19,8.46,8.47,8.51,8.44,7.46
25-Oct-19,8.45,8.46,8.48,8.45,3.15
29-Oct-19,8.47,8.48,8.51,8.46,14.63
30-Oct-19,8.47,8.47,8.52,8.46,6.98
31-Oct-19,8.6,8.52,8.62,8.49,21.25
1-Nov-19,8.6,8.61,8.62,8.57,3.68
4-Nov-19,8.63,8.62,8.67,8.6,11.28
5-Nov-19,8.66,8.6,8.68,8.58,15.37
6-Nov-19,8.71,8.68,8.73,8.61,6.58
7-Nov-19,8.75,8.71,8.75,8.69,8.06
8-Nov-19,8.83,8.75,8.84,8.72,11.93
11-Nov-19,8.85,8.84,8.86,8.82,8.7
12-Nov-19,8.79,8.84,8.86,8.75,3.94
13-Nov-19,8.65,8.79,8.79,8.64,7.35
14-Nov-19,8.67,8.66,8.7,8.62,6.24
15-Nov-19,8.66,8.68,8.69,8.64,7.01
18-Nov-19,8.66,8.66,8.68,8.64,5.25
19-Nov-19,8.65,8.66,8.68,8.64,4.64
20-Nov-19,8.67,8.65,8.68,8.64,11.37
21-Nov-19,8.64,8.68,8.68,8.63,5.47
22-Nov-19,8.64,8.64,8.68,8.63,5.06
25-Nov-19,8.66,8.65,8.67,8.62,6.02
26-Nov-19,8.59,8.67,8.67,8.59,15.54
27-Nov-19,8.58,8.58,8.6,8.54,4.51
28-Nov-19,8.52,8.56,8.56,8.5,8.07
29-Nov-19,8.53,8.53,8.57,8.51,6.02
2-Dec-19,8.51,8.54,8.56,8.5,3.64
3-Dec-19,8.51,8.52,8.54,8.47,6.2
4-Dec-19,8.5,8.51,8.52,8.48,6.85
5-Dec-19,8.53,8.51,8.6,8.51,7.25
6-Dec-19,8.5,8.51,8.54,8.5,3.09
9-Dec-19,8.56,8.51,8.56,8.5,3.07
10-Dec-19,8.54,8.53,8.56,8.52,3.22
11-Dec-19,8.54,8.53,8.6,8.52,5.46
12-Dec-19,8.51,8.53,8.55,8.51,6.78
13-Dec-19,8.54,8.53,8.57,8.52,10.52
16-Dec-19,8.52,8.54,8.56,8.52,5.15
17-Dec-19,8.55,8.53,8.55,8.52,7.65
18-Dec-19,8.64,8.55,8.64,8.53,10.31
19-Dec-19,8.7,8.64,8.8,8.6,7.65
20-Dec-19,8.62,8.76,8.8,8.55,10.13
23-Dec-19,8.62,8.61,8.67,8.57,5.22
24-Dec-19,8.6,8.63,8.63,8.59,2.35
26-Dec-19,8.64,8.6,8.67,8.6,0.38
27-Dec-19,8.61,8.64,8.65,8.6,6.5
30-Dec-19,8.72,8.62,8.72,8.62,3.76
31-Dec-19,8.64,8.69,8.69,8.61,6.93
2-Jan-20,8.75,8.65,8.75,8.63,5.72
3-Jan-20,8.75,8.79,8.81,8.69,6.45
6-Jan-20,8.65,8.77,8.77,8.62,4.53
7-Jan-20,8.65,8.65,8.7,8.64,6.51
8-Jan-20,8.54,8.62,8.64,8.52,4.73
9-Jan-20,8.65,8.59,8.66,8.57,6
10-Jan-20,8.65,8.65,8.69,8.63,8.11
13-Jan-20,8.65,8.66,8.69,8.64,6.46
14-Jan-20,8.65,8.65,8.68,8.58,6.87
15-Jan-20,8.6,8.65,8.67,8.58,3.52
16-Jan-20,8.61,8.6,8.64,8.57,6.32
17-Jan-20,8.62,8.63,8.66,8.6,5.51
20-Jan-20,8.6,8.62,8.63,8.6,3.92
21-Jan-20,8.6,8.62,8.62,8.59,3.88
22-Jan-20,8.55,8.6,8.62,8.53,5.62
23-Jan-20,8.51,8.55,8.55,8.49,5.8
24-Jan-20,8.53,8.51,8.56,8.51,2.74
28-Jan-20,8.46,8.5,8.51,8.45,12.74
29-Jan-20,8.45,8.47,8.49,8.45,9.14
30-Jan-20,8.49,8.47,8.5,8.44,6.86
31-Jan-20,8.43,8.46,8.49,8.43,16.26
3-Feb-20,8.36,8.4,8.43,8.36,7.05
4-Feb-20,8.4,8.42,8.45,8.39,10.39
5-Feb-20,8.36,8.43,8.43,8.35,9.69
6-Feb-20,8.45,8.39,8.5,8.38,6.8
7-Feb-20,8.51,8.49,8.52,8.45,9.3
10-Feb-20,8.48,8.51,8.52,8.45,5.7
11-Feb-20,8.54,8.5,8.56,8.48,10.88
12-Feb-20,8.46,8.54,8.65,8.41,15.38
13-Feb-20,8.46,8.48,8.5,8.44,7.95
14-Feb-20,8.47,8.44,8.52,8.42,6.15
17-Feb-20,8.49,8.47,8.5,8.47,3.41
18-Feb-20,8.47,8.49,8.51,8.46,7.88
19-Feb-20,8.4,8.49,8.49,8.38,7.35
20-Feb-20,8.42,8.46,8.48,8.4,6.47
21-Feb-20,8.41,8.4,8.44,8.4,5.1
24-Feb-20,8.2,8.38,8.39,8.18,31.88
25-Feb-20,8.28,8.2,8.31,8.19,9.92
26-Feb-20,8.33,8.26,8.41,8.23,13.8
27-Feb-20,8.52,8.35,8.53,8.34,10.52
28-Feb-20,8.42,8.47,8.49,8.39,21.39
2-Mar-20,8.39,8.35,8.43,8.14,19.12
3-Mar-20,8.41,8.42,8.45,8.33,13.11
4-Mar-20,8.47,8.41,8.5,8.39,12.4
5-Mar-20,8.53,8.48,8.54,8.48,12.1
6-Mar-20,8.5,8.48,8.53,8.44,10.33
9-Mar-20,8.24,8.44,8.47,8.23,16.19
10-Mar-20,8.37,8.2,8.44,8.2,18.27
11-Mar-20,8.39,8.37,8.45,8.31,11.6
12-Mar-20,8.28,8.34,8.36,8.25,16.42
13-Mar-20,7.88,8.19,8.21,7.85,50.58
16-Mar-20,7.29,7.7,7.7,7.1,45.55
17-Mar-20,7.36,7.08,7.49,7,28.86
18-Mar-20,7.26,7.36,7.5,7.2,23.44
19-Mar-20,7.08,7.19,7.24,7.02,23.99
20-Mar-20,7.51,7.09,7.55,7.08,22.6
23-Mar-20,7.12,7.2,7.32,7.11,18.6
24-Mar-20,7.3,7.2,7.34,7.2,14.42
25-Mar-20,7.3,7.4,7.46,7.2,14.45
26-Mar-20,7.27,7.43,7.43,7.26,13.34
27-Mar-20,7.37,7.34,7.42,7.32,15.86
30-Mar-20,7.31,7.35,7.35,7.3,10.91
31-Mar-20,7.45,7.35,7.5,7.34,14.39
1-Apr-20,7.32,7.45,7.46,7.32,12.97
2-Apr-20,7.34,7.31,7.37,7.3,9.87
3-Apr-20,7.4,7.35,7.42,7.34,6.93
6-Apr-20,7.65,7.4,7.68,7.4,6.53
7-Apr-20,7.83,7.78,7.92,7.78,14.04
8-Apr-20,7.87,7.88,7.92,7.8,7.98
9-Apr-20,7.9,7.9,7.94,7.88,9.05
10-Apr-20,7.5,7.55,7.55,7.44,3.2
13-Apr-20,7.45,7.5,7.5,7.37,3.7
14-Apr-20,7.58,7.44,7.58,7.42,5.09
15-Apr-20,7.64,7.58,7.68,7.55,7.22
16-Apr-20,7.58,7.62,7.63,7.57,9.13
17-Apr-20,7.7,7.61,7.74,7.61,5.77
20-Apr-20,7.69,7.73,7.76,7.69,7.33
21-Apr-20,7.56,7.67,7.67,7.56,4.96
22-Apr-20,7.5,7.53,7.53,7.4,8.62
23-Apr-20,7.42,7.52,7.56,7.42,7.7
24-Apr-20,7.36,7.44,7.45,7.36,7.65
27-Apr-20,7.4,7.4,7.44,7.38,3.11
28-Apr-20,7.36,7.38,7.4,7.35,7.85
29-Apr-20,7.41,7.36,7.5,7.36,3.06
30-Apr-20,7.57,7.45,7.6,7.45,7.5
4-May-20,7.38,7.5,7.5,7.35,7.09
5-May-20,7.48,7.4,7.57,7.4,3.95
6-May-20,7.41,7.5,7.56,7.41,5.7
8-May-20,7.41,7.4,7.46,7.4,7.31
12-May-20,7.44,7.41,7.47,7.41,5.22
13-May-20,7.39,7.44,7.45,7.39,5.63
14-May-20,7.4,7.4,7.44,7.38,3.83
15-May-20,7.4,7.42,7.47,7.4,2.74
18-May-20,7.41,7.42,7.48,7.41,3.75
19-May-20,7.45,7.48,7.52,7.45,5.31
20-May-20,7.49,7.48,7.52,7.45,2.98
21-May-20,7.51,7.5,7.66,7.5,6.72
22-May-20,7.43,7.52,7.56,7.42,7.05
27-May-20,7.4,7.41,7.45,7.38,10.83
28-May-20,7.41,7.4,7.42,7.38,7.07
29-May-20,7.5,7.4,7.53,7.39,15.32
1-Jun-20,7.48,7.5,7.52,7.44,4.35
2-Jun-20,7.51,7.48,7.58,7.45,7.37
3-Jun-20,7.98,7.53,8,7.53,14.94
4-Jun-20,8.19,8.08,8.2,8.04,14.8
5-Jun-20,8.08,8.15,8.15,7.97,10.09
9-Jun-20,8.2,8.2,8.2,8.11,10.9
10-Jun-20,8.2,8.19,8.2,8.13,6.3
11-Jun-20,8.08,8.2,8.2,7.9,8.4
12-Jun-20,7.91,7.8,7.93,7.7,7.36
15-Jun-20,7.7,7.89,7.9,7.7,8.63
16-Jun-20,7.76,7.79,7.85,7.76,5.87
17-Jun-20,7.77,7.84,7.84,7.71,3.46
18-Jun-20,7.71,7.75,7.78,7.68,7.33
19-Jun-20,7.66,7.7,7.73,7.66,13.7
22-Jun-20,7.66,7.65,7.68,7.61,3.02
23-Jun-20,7.65,7.68,7.7,7.62,2.93
24-Jun-20,7.64,7.66,7.66,7.61,3.12
25-Jun-20,7.61,7.61,7.63,7.6,3.36
26-Jun-20,7.62,7.62,7.65,7.61,2.4
29-Jun-20,7.53,7.61,7.61,7.51,4.66
30-Jun-20,7.51,7.53,7.61,7.51,6.57
1-Jul-20,7.52,7.52,7.55,7.51,3.57
2-Jul-20,7.62,7.52,7.7,7.52,6.6
3-Jul-20,7.71,7.68,7.77,7.66,2.72
6-Jul-20,7.83,7.7,7.83,7.7,3.26
7-Jul-20,7.82,7.83,7.89,7.75,9.49
8-Jul-20,7.91,7.8,7.94,7.77,9.8
9-Jul-20,7.91,7.92,7.98,7.84,10.7
10-Jul-20,7.9,7.89,7.95,7.83,6.08
13-Jul-20,7.89,7.9,7.93,7.85,4.4
14-Jul-20,7.86,7.89,7.91,7.81,6
15-Jul-20,7.91,7.87,7.95,7.85,9.01
16-Jul-20,7.82,7.86,7.91,7.81,4.36
17-Jul-20,7.94,7.78,7.96,7.78,7.16
20-Jul-20,7.82,7.94,7.94,7.8,5.52
21-Jul-20,7.86,7.82,7.9,7.82,4.5
22-Jul-20,7.85,7.85,7.89,7.83,4.65
23-Jul-20,7.88,7.87,7.89,7.83,4.59
24-Jul-20,7.85,7.88,7.88,7.83,5.22
27-Jul-20,7.82,7.85,7.89,7.81,2.03
28-Jul-20,7.83,7.82,7.85,7.81,5.55
29-Jul-20,7.75,7.83,7.87,7.71,5.62
30-Jul-20,7.67,7.75,7.78,7.58,9.11
3-Aug-20,7.5,7.5,7.66,7.5,7.29
4-Aug-20,7.5,7.52,7.61,7.5,5.74
5-Aug-20,7.47,7.51,7.52,7.47,6.28
6-Aug-20,7.52,7.52,7.55,7.5,3.43
7-Aug-20,7.5,7.52,7.6,7.5,2.38
8-Aug-20,7.6,7.56,7.6,7.55,2.4
10-Aug-20,7.52,7.51,7.58,7.5,3.43
11-Aug-20,7.49,7.5,7.6,7.49,3.94
12-Aug-20,7.65,7.49,7.7,7.49,2.8
13-Aug-20,7.8,7.74,7.83,7.73,4.03
14-Aug-20,7.8,7.81,7.85,7.77,5.37
17-Aug-20,7.81,7.8,7.87,7.8,3.56
18-Aug-20,7.63,7.81,7.84,7.59,5.32
19-Aug-20,7.64,7.65,7.69,7.61,4.71
21-Aug-20,7.55,7.6,7.6,7.5,4.92
24-Aug-20,7.48,7.55,7.58,7.47,11.83
25-Aug-20,7.49,7.49,7.53,7.48,7.02
26-Aug-20,7.46,7.52,7.55,7.45,9.4
27-Aug-20,7.46,7.46,7.49,7.37,12.37
28-Aug-20,7.33,7.45,7.46,7.33,15.7
1-Sep-20,7.13,7.35,7.38,7.13,19.68
2-Sep-20,7.25,7.14,7.27,7.14,7.4
3-Sep-20,7.21,7.26,7.26,7.2,4.96
4-Sep-20,7.21,7.2,7.23,7.16,6.15
7-Sep-20,7.26,7.21,7.28,7.21,1.43
8-Sep-20,7.5,7.26,7.5,7.23,5.6
9-Sep-20,7.45,7.34,7.45,7.26,4.8
10-Sep-20,7.5,7.4,7.5,7.33,5.85
11-Sep-20,7.45,7.44,7.48,7.3,3.27
14-Sep-20,7.28,7.44,7.44,7.28,4.75
15-Sep-20,7.5,7.28,7.5,7.28,3.87
17-Sep-20,7.37,7.5,7.5,7.33,3.12
18-Sep-20,7.21,7.36,7.4,7.21,17.63
21-Sep-20,7.19,7.23,7.25,7.19,6.55
22-Sep-20,7.2,7.19,7.25,7.19,5.68
23-Sep-20,7.17,7.21,7.23,7.15,5.25
24-Sep-20,7.09,7.2,7.21,7.09,9.66
25-Sep-20,7.08,7.12,7.15,7.08,4.51
28-Sep-20,7.1,7.1,7.14,7.08,6.19
29-Sep-20,7.16,7.12,7.25,7.11,6.19
30-Sep-20,7.22,7.19,7.23,7.15,4.47
